{
    "beard_Matthew": [
        0.5585609769460128,
        0.7399803003776462,
        -0.6912092822214805,
        2.7761601913045384,
        -1.5260512585954404,
        -0.8765235925319893,
        -0.6102781164385077,
        -3.508588912944783,
        0.8547525564770381
    ],
    "beard_Matthew_f": [
        0.5644340735802647,
        0.7263119622225859,
        -0.7266780702025756,
        2.7713235130365828,
        -1.535747531192967,
        -0.9038789660245277,
        -0.42057435616891103,
        3.5267197324582593,
        -0.8457553919424174
    ],
    "beard_Matthew_Goatie": [
        -0.6329823902841201,
        0.013647342172530896,
        -0.31371757971517683,
        0.5339893488227693,
        -0.7100867985873303,
        2.204286045187152,
        2.4123782733856336,
        -0.6345826483782787,
        0.12268496975087718
    ],
    "beard_Matthew_Goatie_f": [
        -0.6311770487768489,
        0.014418480710463777,
        -0.30687493870434507,
        0.5181312865856119,
        -0.7153951006057023,
        2.202117011534739,
        2.4484811095850594,
        0.5196636997277245,
        -0.12559857349462147
    ],
    "beard_Matthew_Mustache": [
        -1.1264286555074488,
        -0.006765847443573274,
        -0.2805404563205526,
        -0.1986366515560123,
        0.12010261956495195,
        -0.6911132737330014,
        -0.2946475384642759,
        -0.07631970073672377,
        0.03894980398713095
    ],
    "beard_Matthew_Mustache_f": [
        -1.1266858558927813,
        -0.007833388933166303,
        -0.2806057915485282,
        -0.1980383218417384,
        0.11864421291017298,
        -0.6913705064023324,
        -0.2912707292634812,
        0.09468208846112416,
        -0.0203427975697452
    ],
    "beard_Matthew_SoulPatch": [
        -1.12534929581002,
        -0.1339708367665288,
        -0.3796629290265194,
        -0.37570199053215336,
        -0.1197917801456607,
        0.23204684435088083,
        -0.3609641961110065,
        -0.03461852938375784,
        0.009783921635174704
    ],
    "beard_Matthew_SoulPatch_f": [
        -1.1256319345533439,
        -0.13182492815284347,
        -0.37931331236975396,
        -0.37718560215402663,
        -0.11706225935292514,
        0.23217734007683508,
        -0.36035025441951407,
        0.045977053785490836,
        -0.022418242271548646
    ],
    "beard_None": [
        -1.1549744366277825,
        -0.15234213575276162,
        -0.3302730721199086,
        -0.47053537289207514,
        -0.158377484760156,
        0.3357074575072504,
        -0.44934623275285585,
        0.013085621430078971,
        -0.0021044358910661896
    ],
    "beard_None_f": [
        -1.1549744366277825,
        -0.15234213575276162,
        -0.3302730721199086,
        -0.47053537289207525,
        -0.15837748476015623,
        0.3357074575072507,
        -0.449346232752857,
        0.01308562143007926,
        -0.002104435891065414
    ],
    "beard_Tadas": [
        0.1300232212116265,
        -0.5332626099884037,
        2.2802388151563426,
        0.37199511371437427,
        0.1059047335223433,
        0.0807052713332658,
        -0.18562624619651005,
        0.6437486688087067,
        2.5757969425402525
    ],
    "beard_Tadas_f": [
        0.1223458534348454,
        -0.5443014281520417,
        2.285604561324463,
        0.3839484931214896,
        0.11123266639481283,
        0.07691105583785321,
        -0.21538306317750525,
        -0.607001794915175,
        -2.5752099666442416
    ],
    "beard_Tadas_Longer": [
        0.18083809515059862,
        -0.5154420840812749,
        2.3048626482096073,
        0.4189656053758466,
        0.11764986017915795,
        0.07392748303209151,
        -0.12570698525448193,
        0.6173066889967822,
        2.4475204696591675
    ],
    "beard_Tadas_Longer_f": [
        0.1751032834568703,
        -0.5266809690964941,
        2.3035204727487466,
        0.434860854875055,
        0.12643161693498167,
        0.07106848413892336,
        -0.14810509441485598,
        -0.5909681874317637,
        -2.4506589979090205
    ],
    "beard_Tim": [
        0.7134507715106891,
        0.45836772229800254,
        -0.7796957584079727,
        1.0627453257089752,
        3.066792401544101,
        0.7977330130364252,
        -0.3515346609874635,
        -0.021943765614693658,
        0.07243819071153929
    ],
    "beard_Tim_f": [
        0.7174154259129741,
        0.45855107549995416,
        -0.732081491912684,
        1.0676922573469023,
        3.0536163318169134,
        0.7779365131082084,
        -0.3033833130762061,
        0.04966252275769786,
        -0.06414750268189547
    ],
    "beard_Tom2_Mid": [
        1.1839420457362262,
        -0.9574152605636242,
        -0.581135541731522,
        -0.7653611724342457,
        -0.6714173787995659,
        0.9523671474357573,
        -1.424136231463014,
        0.029068099002525664,
        -0.00593742103259079
    ],
    "beard_Tom2_Mid_f": [
        1.1803395321931553,
        -0.9609611431933412,
        -0.5927292490199636,
        -0.7495309253176905,
        -0.6540936316592769,
        0.9716429647974343,
        -1.457358167352389,
        0.03643709599254482,
        -0.024472000517209075
    ],
    "beard_Tom2_Mustache": [
        -1.1346412156332009,
        -0.0555426100242924,
        -0.30789365400746604,
        -0.28831309904222524,
        0.22722335308620414,
        -0.8372762189576654,
        -0.1577066094433159,
        0.004060326953158933,
        0.002163170467676386
    ],
    "beard_Tom2_Mustache_f": [
        -1.1345301253390003,
        -0.056948269735960184,
        -0.3100936430250808,
        -0.2889741869379649,
        0.2278083673488113,
        -0.8395919353480057,
        -0.1552058096364803,
        -0.00602207366732976,
        0.006731595432211201
    ],
    "beard_Tom_full": [
        1.4233321404626844,
        -0.970303521724918,
        -0.40746698179661467,
        -0.6256758840477891,
        0.3070730478714434,
        -1.9282531255868804,
        2.0587743396535836,
        -0.1052051874089055,
        -0.11850332166335908
    ],
    "beard_Tom_full_f": [
        1.4196707142044485,
        -0.9652724779035102,
        -0.416836442623095,
        -0.613161161905653,
        0.3274374386212784,
        -1.9233268600938869,
        2.0700368410224184,
        -0.02909018382367123,
        0.11941939235244912
    ],
    "beard_Tom_sides": [
        1.2793197794509183,
        -0.8938985174472085,
        -0.7202760841886233,
        -0.7827889775493301,
        -0.6678041713447903,
        0.6175048986547904,
        -0.5935639565098425,
        -0.048755947027692294,
        -0.10077330242567543
    ],
    "beard_Tom_sides_f": [
        1.2759223164118547,
        -0.8921650428470222,
        -0.7213929846915966,
        -0.7800057100848308,
        -0.6481889664829872,
        0.6229483840789178,
        -0.5886791963322385,
        0.07223422145078319,
        0.12834262449501185
    ],
    "beard_Tom_stash": [
        -1.1384837136566568,
        -0.05647113741110008,
        -0.29776448787161985,
        -0.2880990400367747,
        0.23616113139240447,
        -0.9233072084762517,
        -0.11184857629283151,
        0.0017925199942568513,
        0.0007758593171158786
    ],
    "beard_Tom_stash_f": [
        -1.138391338480757,
        -0.058252731090074186,
        -0.2996180097545558,
        -0.2864993564789855,
        0.23597304900685964,
        -0.9249631760412458,
        -0.10972119247529656,
        -0.004599527692917212,
        0.004905290208286936
    ],